{
  "feature": "example:hanging_cobwebs",
  "placement": [
    {
      "type": "minecraft:count",
      "count": 128
    },
    {
      "type": "minecraft:height_range",
      "height": {
        "type": "minecraft:uniform",
        "min_inclusive": {
          "above_bottom": 0
        },
        "max_inclusive": {
          "absolute": 256
        }
      }
    },
    {
      "type": "minecraft:in_square"
    },
    {
      "type": "minecraft:environment_scan",
      "direction_of_search": "up",
      "max_steps": 16,
      "target_condition": {
        "type": "minecraft:all_of",
        "predicates": [
          {
            "type": "minecraft:not",
            "predicate": {
              "type": "minecraft:matching_blocks",
              "offset": [
                0,
                1,
                0
              ],
              "blocks": "minecraft:air"
            }
          },
          {
            "type": "minecraft:matching_blocks",
            "offset": [
              0,
              0,
              0
            ],
            "blocks": "minecraft:air"
          },
          {
            "type": "minecraft:matching_fluids",
            "fluids": "minecraft:empty"
          }
        ]
      }
    },
    {
      "type": "minecraft:biome"
    }
  ]
}
