{
  "type": "minecraft:random_patch",
  "config": {
    "tries": 4,
    "xz_spread": 3,
    "y_spread": 3,
    "feature": {
      "feature": {
        "type": "minecraft:block_column",
        "config": {
          "direction": "down",
          "allowed_placement": {
            "type": "minecraft:matching_blocks",
            "offset": [
              0,
              0,
              0
            ],
            "blocks": "minecraft:air"
          },
          "prioritize_tip": false,
          "layers": [
            {
              "height": {
                "type": "minecraft:uniform",
                "value": {
                  "min_inclusive": 4,
                  "max_inclusive": 16
                }
              },
              "provider": {
                "type": "minecraft:simple_state_provider",
                "state": {
                  "Name": "minecraft:cobweb"
                }
              }
            }
          ]
        }
      },
      "placement": [
        {
          "type": "minecraft:block_predicate_filter",
          "predicate": {
            "type": "minecraft:all_of",
            "predicates": [
              {
                "type": "minecraft:not",
                "predicate": {
                  "type": "minecraft:matching_blocks",
                  "offset": [
                    0,
                    1,
                    0
                  ],
                  "blocks": "minecraft:air"
                }
              },
              {
                "type": "minecraft:matching_blocks",
                "offset": [
                  0,
                  0,
                  0
                ],
                "blocks": "minecraft:air"
              },
              {
                "type": "minecraft:matching_fluids",
                "fluids": "minecraft:empty"
              }
            ]
          }
        }
      ]
    }
  }
}
